label,confidence,xmin,ymin,xmax,ymax
0,0.7362683415412903,551,58,569,77
0,0.7239401936531067,2,115,18,134
0,0.6541586518287659,650,174,668,191
0,0.6004164814949036,222,69,239,86
0,0.5970596075057983,647,103,667,123
0,0.5790421366691589,644,0,664,16
0,0.5230626463890076,33,45,51,63
0,0.5196499824523926,529,134,549,154
0,0.5124221444129944,2,3,22,22
0,0.49596890807151794,238,300,255,318
0,0.48297134041786194,1,10,21,29
0,0.48114824295043945,1,19,20,38
0,0.4719149172306061,662,96,679,114
0,0.4499341547489166,650,85,668,104
0,0.449774831533432,635,6,654,25
0,0.44792211055755615,33,56,52,73
0,0.44705596566200256,1,27,21,47
0,0.44697943329811096,341,32,361,51
0,0.44533470273017883,561,27,580,46
0,0.4434642493724823,2,60,21,79
0,0.4328325390815735,566,23,584,42
0,0.43243342638015747,657,31,677,50
0,0.4320915937423706,564,33,581,51
0,0.4227468967437744,3,52,21,72
0,0.42242714762687683,2,36,21,56
0,0.419689416885376,640,288,658,307
0,0.40699201822280884,3,69,21,88
0,0.406206339597702,672,28,690,47
0,0.4054804742336273,193,126,214,148
0,0.40104255080223083,560,46,578,64
0,0.3992854058742523,102,18,122,37
0,0.3955947160720825,10,27,30,47
0,0.39363518357276917,11,19,31,38
0,0.39006903767585754,670,61,688,81
0,0.3852890431880951,665,75,682,94
0,0.3843214213848114,9,36,28,56
0,0.37991058826446533,9,3,29,21
0,0.3794352114200592,559,53,578,72
0,0.3742000162601471,250,296,269,315
0,0.37235864996910095,10,61,30,80
0,0.37058311700820923,11,11,31,30
0,0.37001362442970276,535,138,553,157
0,0.36817970871925354,9,44,29,63
0,0.36670422554016113,22,61,42,80
0,0.366012841463089,10,51,30,71
0,0.36386504769325256,395,194,412,211
0,0.3604213297367096,565,9,584,28
0,0.35789555311203003,625,18,644,38
0,0.35688674449920654,632,3,650,21
0,0.3557681441307068,11,68,30,87
0,0.35444650053977966,659,25,678,44
0,0.3513728976249695,641,161,660,181
0,0.3508516252040863,550,126,568,145
0,0.35080698132514954,334,4,352,21
0,0.34482502937316895,576,22,595,42
0,0.3420363664627075,660,4,678,20
0,0.3415730595588684,666,4,684,21
0,0.3405732214450836,566,44,583,64
0,0.3405087888240814,327,4,345,21
0,0.33859729766845703,20,27,40,47
0,0.3374914824962616,549,28,568,46
0,0.33631327748298645,675,3,690,21
0,0.3340272605419159,19,18,40,37
0,0.33325085043907166,28,50,47,69
0,0.33293917775154114,269,3,288,20
0,0.33220556378364563,551,35,568,53
0,0.330619215965271,523,148,540,167
0,0.3300148844718933,232,63,249,80
0,0.32936033606529236,631,12,650,30
0,0.3291667401790619,318,4,336,21
0,0.32817962765693665,564,186,583,205
0,0.3280324637889862,310,4,328,21
0,0.32755354046821594,118,50,137,68
0,0.32705509662628174,551,46,569,63
0,0.32372400164604187,20,50,40,70
0,0.3220328390598297,539,142,557,160
0,0.32138189673423767,301,4,320,22
0,0.32050248980522156,20,67,39,86
0,0.31973621249198914,276,3,295,21
0,0.3195946514606476,326,11,345,30
0,0.31707045435905457,650,161,668,179
0,0.3169735074043274,3,77,21,95
0,0.31599998474121094,294,5,313,22
0,0.31516438722610474,318,12,337,30
0,0.3151610493659973,560,61,578,80
0,0.3140760064125061,20,35,40,55
0,0.31322401762008667,334,12,353,30
0,0.31269508600234985,645,11,663,29
0,0.3110687732696533,284,5,303,22
0,0.309503972530365,25,30,45,48
0,0.30808958411216736,19,3,39,22
0,0.3079352378845215,418,267,437,286
0,0.30649906396865845,525,164,544,184
0,0.3054139316082001,641,153,659,172
0,0.30476152896881104,6,16,24,35
0,0.30438968539237976,344,4,362,21
0,0.30375829339027405,302,11,320,29
0,0.3036364018917084,576,11,595,29
0,0.303615927696228,310,12,328,30
0,0.30257272720336914,549,21,567,40
0,0.30206921696662903,27,68,46,86
0,0.3018946051597595,255,20,272,36
0,0.3005904257297516,403,268,421,286
0,0.29934439063072205,652,119,670,137
0,0.29906773567199707,624,25,643,44
0,0.2980740964412689,507,73,526,92
0,0.2978244721889496,35,34,54,53
0,0.29669684171676636,261,3,279,20
0,0.2952499985694885,537,154,556,172
0,0.2929980456829071,641,119,659,138
0,0.2926333546638489,659,72,677,90
0,0.29094836115837097,581,169,602,189
0,0.28973719477653503,652,126,670,144
0,0.28890058398246765,624,122,640,139
0,0.2888038456439972,10,78,29,97
0,0.2887396514415741,26,2,46,21
0,0.28672540187835693,647,90,666,109
0,0.2865116596221924,631,153,651,172
0,0.28381621837615967,319,20,338,39
0,0.2835502624511719,666,12,684,30
0,0.28348782658576965,225,294,244,314
0,0.28329232335090637,660,11,678,29
0,0.28125011920928955,523,275,543,295
0,0.27978792786598206,598,163,620,185
0,0.27920636534690857,406,283,425,302
0,0.2791183590888977,25,12,44,31
0,0.2774783670902252,631,143,650,161
0,0.27746331691741943,21,78,40,97
0,0.27717992663383484,53,177,73,197
0,0.2770644426345825,559,6,578,24
0,0.2756158411502838,27,79,46,98
0,0.2756141126155853,343,12,362,30
0,0.2755301594734192,674,12,690,30
0,0.27530649304389954,659,170,677,188
0,0.27506762742996216,641,143,659,161
0,0.2746497392654419,664,21,682,40
0,0.2739517390727997,675,97,690,114
0,0.2731821537017822,632,160,652,180
0,0.2730100452899933,651,68,670,87
0,0.27247354388237,652,110,671,128
0,0.27238908410072327,557,140,575,157
0,0.27227410674095154,577,34,595,54
0,0.27216029167175293,653,137,671,155
0,0.27200189232826233,626,3,644,21
0,0.27178657054901123,114,31,134,50
0,0.2717234194278717,309,20,328,38
0,0.27171504497528076,408,295,427,313
0,0.27115821838378906,658,160,677,178
0,0.27104470133781433,253,4,270,21
0,0.27096882462501526,596,179,619,201
0,0.27094098925590515,652,152,670,171
0,0.26983487606048584,644,19,662,37
0,0.2693351209163666,576,3,594,21
0,0.26918476819992065,362,268,382,287
0,0.2688913643360138,485,111,503,129
0,0.26876890659332275,58,169,78,189
0,0.2683233916759491,302,19,320,38
0,0.26817724108695984,350,3,368,21
0,0.26672810316085815,155,163,173,181
0,0.2664858102798462,335,20,354,38
0,0.2655487060546875,590,167,611,188
0,0.26545190811157227,674,18,690,36
0,0.26248306035995483,485,101,503,119
0,0.26169437170028687,651,61,670,81
0,0.26156851649284363,161,184,180,202
0,0.2614048421382904,665,28,684,46
0,0.2613452076911926,631,24,650,43
0,0.2607477605342865,652,77,670,96
0,0.26065200567245483,0,33,16,53
0,0.2604382038116455,633,120,650,138
0,0.2604053020477295,339,135,359,153
0,0.26034867763519287,652,144,671,162
0,0.2601287364959717,294,20,312,38
0,0.25982367992401123,492,111,511,129
0,0.25958800315856934,660,19,678,37
0,0.25905948877334595,162,177,180,196
0,0.25829917192459106,276,10,295,29
0,0.2581701874732971,272,42,290,58
0,0.2577938735485077,238,306,256,324
0,0.256815105676651,658,61,678,81
0,0.25632792711257935,45,30,64,49
0,0.25603389739990234,591,178,612,199
0,0.2551816701889038,69,170,88,190
0,0.25500696897506714,641,110,658,128
0,0.2545243501663208,493,101,511,119
0,0.254485160112381,664,67,683,86
0,0.253930926322937,623,37,642,56
0,0.2537915110588074,675,67,690,86
0,0.2533204257488251,653,91,672,110
0,0.25301724672317505,269,11,288,29
0,0.25270166993141174,541,27,559,45
0,0.2517823874950409,549,8,568,27
0,0.25168246030807495,544,138,562,156
0,0.25161927938461304,243,5,261,22
0,0.25141292810440063,484,120,502,138
0,0.2510487139225006,466,17,484,34
0,0.25078141689300537,657,152,677,170
0,0.2504030466079712,37,1,56,19
0,0.24951978027820587,296,51,313,67
0,0.24939514696598053,350,12,369,30
0,0.24916799366474152,45,184,65,203
0,0.24895073473453522,676,77,690,95
0,0.2489285171031952,36,18,55,36
0,0.24878087639808655,660,177,678,195
0,0.2487247735261917,33,71,52,92
0,0.24865777790546417,542,35,560,52
0,0.2486020028591156,52,183,72,202
0,0.24767489731311798,673,170,690,188
0,0.2476726919412613,324,26,343,44
0,0.24679775536060333,667,160,685,178
0,0.2467929571866989,17,62,37,82
0,0.24638459086418152,600,150,620,171
0,0.2461179941892624,59,69,78,88
0,0.2458198517560959,667,170,684,188
0,0.2452976405620575,45,178,64,197
0,0.2451947033405304,406,79,424,98
0,0.24498216807842255,393,101,411,118
0,0.2444494366645813,285,20,304,38
0,0.24435487389564514,151,185,170,203
0,0.24428825080394745,675,177,690,194
0,0.24406683444976807,669,72,687,91
0,0.24381084740161896,642,69,659,87
0,0.24346262216567993,656,105,674,123
0,0.24320298433303833,641,138,659,155
0,0.24269400537014008,245,62,262,79
0,0.24238653481006622,666,34,685,53
0,0.24229766428470612,642,25,661,43
0,0.24201534688472748,674,36,690,54
0,0.24188125133514404,35,62,53,80
0,0.2416960597038269,641,77,658,96
0,0.24123165011405945,650,51,669,71
0,0.24117422103881836,475,110,493,128
0,0.2410241663455963,309,26,328,44
0,0.24093490839004517,543,46,560,63
0,0.24074147641658783,474,101,492,119
0,0.24070680141448975,528,2,545,17
0,0.23902627825737,493,120,511,138
0,0.23831264674663544,644,175,662,193
0,0.237613245844841,41,40,59,58
0,0.23748792707920074,234,67,252,85
0,0.2372315526008606,654,177,671,195
0,0.2369903177022934,405,193,424,213
0,0.23694729804992676,342,19,361,38
0,0.23635970056056976,236,196,254,214
0,0.23548130691051483,658,52,678,72
0,0.23534390330314636,560,68,579,88
0,0.23518548905849457,162,168,180,187
0,0.234890878200531,362,4,380,21
0,0.23470620810985565,558,126,575,144
0,0.23447805643081665,244,68,262,86
0,0.23427830636501312,473,94,492,112
0,0.23391389846801758,665,91,684,110
0,0.2337871789932251,302,26,321,45
0,0.2337055504322052,543,54,561,70
0,0.23358383774757385,4,86,22,105
0,0.23356296122074127,582,151,602,172
0,0.23256608843803406,45,46,63,64
0,0.23239855468273163,645,62,664,80
0,0.2317986935377121,425,93,443,112
0,0.23170556128025055,37,12,55,30
0,0.23151618242263794,59,161,79,180
0,0.23136720061302185,261,12,279,30
0,0.231170654296875,511,55,530,73
0,0.2307012975215912,633,38,652,56
0,0.2301243245601654,668,96,685,114
0,0.23000533878803253,152,178,170,196
0,0.22992397844791412,417,92,436,111
0,0.22972525656223297,421,283,439,301
0,0.22949270904064178,667,152,685,171
0,0.22946743667125702,39,59,56,75
0,0.22914715111255646,318,38,337,56
0,0.22910693287849426,676,89,690,107
0,0.22885872423648834,335,27,354,45
0,0.22860655188560486,425,102,443,121
0,0.22808627784252167,675,52,690,71
0,0.22780191898345947,649,44,668,64
0,0.22756722569465637,665,45,685,63
0,0.22746078670024872,640,87,658,105
0,0.2270331233739853,476,121,494,139
0,0.2258373349905014,226,66,243,83
0,0.22554044425487518,598,321,618,334
0,0.2255142480134964,325,37,344,55
0,0.22519627213478088,293,27,311,45
0,0.2247321903705597,555,72,574,91
0,0.2242557406425476,529,153,547,171
0,0.22412680089473724,642,39,661,57
0,0.22401951253414154,648,38,667,57
0,0.22395402193069458,658,45,677,64
0,0.22369293868541718,436,94,455,112
0,0.22300709784030914,667,136,684,153
0,0.2227533608675003,3,95,21,114
0,0.22269617021083832,321,141,341,162
0,0.22259095311164856,253,61,270,78
0,0.22255070507526398,666,105,684,122
0,0.22252096235752106,484,126,502,144
0,0.22231663763523102,0,7,15,25
0,0.22228996455669403,410,92,429,111
0,0.22214581072330475,151,193,170,212
0,0.2221299707889557,616,253,634,270
0,0.2219693958759308,417,103,435,122
0,0.2218516767024994,437,102,455,120
0,0.22168263792991638,252,12,270,29
0,0.2212827503681183,310,285,328,303
0,0.22104404866695404,309,38,328,56
0,0.22094005346298218,241,313,258,329
0,0.22093790769577026,407,289,426,308
0,0.22082564234733582,161,193,179,211
0,0.2207956612110138,425,111,443,129
0,0.2203051745891571,276,19,295,37
0,0.21982517838478088,674,44,690,63
0,0.21964450180530548,234,54,251,71
0,0.2194124311208725,642,51,660,70
0,0.21904319524765015,177,4,195,21
0,0.21870656311511993,499,110,517,128
0,0.21788187325000763,169,4,187,21
0,0.2172490358352661,24,205,42,225
0,0.21711868047714233,362,12,380,30
0,0.2170177400112152,632,109,650,127
0,0.21690823137760162,45,168,64,187
0,0.21675102412700653,625,126,644,145
0,0.21642762422561646,436,111,455,129
0,0.21624310314655304,235,4,253,21
0,0.21574585139751434,9,86,28,104
0,0.21573907136917114,351,19,369,38
0,0.21565841138362885,303,277,320,294
0,0.21555495262145996,419,74,437,91
0,0.21517938375473022,302,285,320,303
0,0.21480000019073486,286,29,304,46
0,0.21476705372333527,252,68,270,86
0,0.21467962861061096,577,43,595,63
0,0.214669868350029,229,21,248,39
0,0.21464616060256958,667,127,685,144
0,0.21450473368167877,235,79,253,97
0,0.21445155143737793,309,277,327,294
0,0.2142745852470398,485,87,503,105
0,0.2141987532377243,118,44,137,63
0,0.21412082016468048,0,43,16,62
0,0.21348334848880768,67,78,85,97
0,0.21329496800899506,473,87,492,105
0,0.21300961077213287,357,30,376,49
0,0.21296119689941406,417,87,436,105
0,0.21292728185653687,616,119,636,139
0,0.21259452402591705,47,52,65,70
0,0.21212270855903625,392,84,411,104
0,0.2114335149526596,401,93,420,111
0,0.21130923926830292,590,150,611,171
0,0.21069136261940002,135,68,155,87
0,0.21068906784057617,26,232,44,251
0,0.21021120250225067,69,159,89,179
0,0.21012543141841888,410,86,428,105
0,0.21000570058822632,493,126,511,144
0,0.20932699739933014,607,150,627,171
0,0.2091776728630066,411,104,429,122
0,0.20829123258590698,617,126,636,146
0,0.20806090533733368,527,211,545,229
0,0.2077438086271286,429,84,445,102
0,0.20739099383354187,310,114,329,132
0,0.2071310430765152,666,146,685,165
0,0.20692496001720428,324,126,344,146
0,0.20685401558876038,303,37,321,55
0,0.20647047460079193,417,110,436,129
0,0.20625817775726318,118,37,138,56
0,0.2061329334974289,499,95,517,112
0,0.20572200417518616,499,121,517,139
0,0.20549021661281586,243,11,261,29
0,0.2054816484451294,45,19,63,37
0,0.20532438158988953,126,44,145,63
0,0.20477358996868134,494,86,512,104
0,0.20472735166549683,469,110,487,128
0,0.2046763300895691,526,144,545,163
0,0.20460925996303558,436,87,454,105
0,0.2046026736497879,35,178,54,196
0,0.2045166939496994,675,185,690,202
0,0.2044641375541687,268,20,287,38
0,0.2043391466140747,36,185,54,203
0,0.20431382954120636,45,161,64,179
0,0.2039976567029953,317,43,336,61
0,0.2038978934288025,179,166,198,184
0,0.20350861549377441,127,61,146,80
0,0.20343966782093048,112,45,130,63
0,0.20343582332134247,187,3,205,20
0,0.2033470869064331,35,169,54,187
0,0.20311830937862396,592,321,611,334
0,0.20309774577617645,244,54,262,71
0,0.20292310416698456,582,142,604,163
0,0.2027679979801178,566,192,585,211
0,0.20266632735729218,310,44,328,62
0,0.20265857875347137,318,277,336,295
0,0.2026335448026657,549,54,567,72
0,0.20250745117664337,104,54,123,72
0,0.20229622721672058,35,80,54,99
0,0.20203866064548492,136,61,154,79
0,0.2020164430141449,35,162,54,180
0,0.20196396112442017,326,42,345,61
0,0.20195429027080536,152,168,170,187
0,0.20189101994037628,136,78,156,97
0,0.2017025649547577,167,161,186,180
0,0.2015324980020523,605,161,626,183
0,0.20137275755405426,120,61,138,80
0,0.20129776000976562,228,54,246,72
0,0.20119863748550415,317,285,336,303
0,0.2006199210882187,251,79,270,98
0,0.2004261016845703,336,37,355,54
0,0.19996635615825653,47,62,65,80
0,0.19936542212963104,244,79,262,97
0,0.1992531418800354,676,105,690,123
0,0.1991824209690094,28,162,46,180
0,0.19915840029716492,401,103,419,121
0,0.19912569224834442,21,95,39,113
0,0.1991146355867386,127,53,145,72
0,0.19878436625003815,271,47,290,64
0,0.19869381189346313,178,178,197,196
0,0.1984136402606964,484,136,502,154
0,0.19780206680297852,493,136,511,154
0,0.19716878235340118,401,86,420,104
0,0.19714729487895966,126,35,145,54
0,0.1970195472240448,110,53,129,71
0,0.1967211812734604,237,288,255,306
0,0.19653914868831635,424,119,443,137
0,0.19646579027175903,436,119,455,138
0,0.19566267728805542,523,133,543,154
0,0.19507288932800293,256,47,275,64
0,0.19473032653331757,451,85,469,104
0,0.19464291632175446,192,141,212,160
0,0.19444039463996887,574,162,595,182
0,0.19408898055553436,393,93,411,112
0,0.19390954077243805,11,320,31,334
0,0.19381895661354065,452,93,470,112
0,0.19378837943077087,667,121,685,138
0,0.19344601035118103,517,144,536,162
0,0.19335226714611053,600,142,620,163
0,0.1932753473520279,500,136,518,155
0,0.1932092159986496,633,52,650,71
0,0.1931050568819046,84,320,104,334
0,0.1924251765012741,127,68,146,87
0,0.19228187203407288,632,78,650,97
0,0.19223758578300476,293,277,311,294
0,0.19219909608364105,534,27,553,45
0,0.19217610359191895,277,29,295,46
0,0.1919502466917038,120,68,139,87
0,0.1917496770620346,420,275,438,293
0,0.1915314644575119,650,186,668,204
0,0.19113990664482117,29,152,46,170
0,0.19110102951526642,510,136,529,154
0,0.19098277390003204,162,161,180,180
0,0.19095151126384735,227,45,246,63
0,0.19058839976787567,102,45,122,63
0,0.1905185580253601,235,45,253,62
0,0.1904979944229126,527,218,545,237
0,0.19034697115421295,576,176,595,194
0,0.19022540748119354,543,10,562,29
0,0.1899193674325943,260,20,279,38
0,0.18985126912593842,246,309,265,327
0,0.18961860239505768,3,101,21,120
0,0.18936531245708466,361,20,379,38
0,0.18934711813926697,627,135,645,154
0,0.1891738772392273,28,95,46,113
0,0.1890130341053009,254,53,272,70
0,0.18898481130599976,103,61,123,79
0,0.18888621032238007,198,200,219,220
0,0.18881332874298096,361,80,380,99
0,0.1885707527399063,59,183,79,202
0,0.18853062391281128,228,3,246,20
0,0.1884748339653015,292,36,310,54
0,0.18843060731887817,49,80,68,97
0,0.18829113245010376,543,62,560,79
0,0.18826283514499664,661,184,679,202
0,0.18758733570575714,532,8,549,24
0,0.18748456239700317,517,135,535,154
0,0.18727274239063263,551,69,568,87
0,0.18727268278598785,468,121,486,139
0,0.1869613081216812,43,1,62,19
0,0.18679951131343842,144,68,162,87
0,0.18677130341529846,458,94,476,112
0,0.18647801876068115,310,293,328,312
0,0.18633879721164703,77,320,96,334
0,0.1862795501947403,419,191,438,210
0,0.18620118498802185,292,285,310,303
0,0.18610842525959015,143,79,162,98
0,0.18608440458774567,0,230,16,249
0,0.18607772886753082,19,320,39,334
0,0.18605144321918488,315,155,334,174
0,0.1858375370502472,499,85,518,103
0,0.18576933443546295,461,33,480,51
0,0.18560408055782318,28,169,46,187
0,0.18542982637882233,458,86,476,103
0,0.18506918847560883,303,269,321,287
0,0.18433481454849243,534,34,552,52
0,0.18426500260829926,259,62,277,79
0,0.18422462046146393,303,46,321,64
0,0.18415187299251556,367,120,387,139
0,0.18406784534454346,632,68,650,87
0,0.18391063809394836,533,144,551,162
0,0.1837884932756424,518,151,536,169
0,0.18368062376976013,102,34,122,53
0,0.18361446261405945,573,152,594,174
0,0.18346430361270905,590,141,611,163
0,0.18309202790260315,632,87,650,105
0,0.18293941020965576,567,154,585,172
0,0.1826823353767395,602,158,620,175
0,0.18241526186466217,617,177,639,200
0,0.1823074221611023,228,80,246,98
0,0.18220116198062897,458,103,476,121
0,0.18219727277755737,608,143,627,163
0,0.18203260004520416,302,294,320,312
0,0.18193592131137848,9,94,27,113
0,0.18167629837989807,127,27,145,45
0,0.1815919280052185,553,10,572,30
0,0.1815769374370575,140,172,160,192
0,0.18107883632183075,526,202,544,220
0,0.18095260858535767,458,110,476,128
0,0.1807824969291687,309,269,327,286
0,0.18038736283779144,235,12,253,30
0,0.180334210395813,327,276,345,294
0,0.17950685322284698,144,61,162,79
0,0.17937065660953522,136,55,155,72
0,0.17936205863952637,85,310,104,329
0,0.17921625077724457,179,185,198,203
0,0.1791996955871582,260,80,279,99
0,0.1790553629398346,583,133,605,155
0,0.1790236383676529,584,321,603,334
0,0.17901964485645294,24,46,44,64
0,0.17857803404331207,605,178,627,201
0,0.17845383286476135,532,203,550,220
0,0.17771196365356445,417,119,436,137
0,0.17759904265403748,368,111,388,130
0,0.17715606093406677,377,4,395,22
0,0.17705059051513672,352,28,370,46
0,0.17698541283607483,12,220,30,238
0,0.17694836854934692,36,193,54,211
0,0.1767684519290924,178,12,196,30
0,0.17675058543682098,583,184,602,203
0,0.17674079537391663,679,243,690,259
0,0.17623794078826904,227,37,246,54
0,0.17619897425174713,474,79,493,97
0,0.17608018219470978,9,212,27,231
0,0.17553849518299103,243,21,261,39
0,0.17546769976615906,632,61,650,80
0,0.17535124719142914,675,146,690,164
0,0.17519378662109375,293,319,309,334
0,0.17514607310295105,168,12,186,29
0,0.17514140903949738,401,3,420,20
0,0.17467574775218964,319,268,337,286
0,0.17448221147060394,402,14,420,33
0,0.1740768402814865,151,201,170,220
0,0.17389853298664093,494,79,512,97
0,0.17383791506290436,27,186,46,204
0,0.1737779974937439,260,68,278,86
0,0.17376454174518585,285,36,304,53
0,0.17367678880691528,485,79,503,96
0,0.17336127161979675,145,185,163,203
0,0.17315837740898132,384,103,403,122
0,0.17310015857219696,218,3,236,20
0,0.17299818992614746,391,108,410,127
0,0.17292268574237823,510,144,528,161
0,0.172915518283844,20,217,39,236
0,0.17288775742053986,27,177,46,196
0,0.17277434468269348,522,2,539,17
0,0.17277029156684875,616,152,635,172
0,0.1727219969034195,376,12,395,30
0,0.17267747223377228,162,4,180,21
0,0.17265000939369202,45,193,64,212
0,0.17251768708229065,609,126,629,146
0,0.1723269820213318,534,46,551,63
0,0.17206670343875885,438,190,456,207
0,0.17204295098781586,167,192,185,210
0,0.17182257771492004,178,153,197,172
0,0.17179074883460999,543,4,562,22
0,0.17174014449119568,235,37,253,54
0,0.17158648371696472,293,269,311,286
0,0.17156267166137695,187,13,205,31
0,0.1714029759168625,268,29,286,46
0,0.17138582468032837,44,12,62,30
0,0.17098432779312134,27,192,46,211
0,0.17095708847045898,21,104,40,122
0,0.17093999683856964,193,14,211,32
0,0.17058183252811432,335,43,354,62
0,0.17055389285087585,381,108,399,126
0,0.17043925821781158,510,127,529,146
0,0.16971434652805328,654,9,672,28
0,0.1695883572101593,410,3,428,21
0,0.16939440369606018,15,224,33,243
0,0.16938252747058868,284,316,303,334
0,0.1693720817565918,326,284,344,302
0,0.16932956874370575,47,41,65,59
0,0.16926312446594238,423,185,442,204
0,0.16888533532619476,77,310,96,329
0,0.16878642141819,358,119,378,139
0,0.16866835951805115,183,162,202,181
0,0.16857215762138367,21,111,40,129
0,0.16838188469409943,375,109,394,128
0,0.1680023968219757,69,185,88,204
0,0.16782531142234802,127,76,146,95
0,0.16776271164417267,558,95,576,115
0,0.1677074432373047,52,152,71,171
0,0.16742856800556183,395,278,413,295
0,0.16737765073776245,450,79,469,97
0,0.1673169881105423,21,118,39,136
0,0.16729071736335754,316,55,335,73
0,0.16719308495521545,384,278,401,295
0,0.16710521280765533,559,76,578,95
0,0.16692163050174713,208,138,227,157
0,0.16688963770866394,3,213,19,231
0,0.16676150262355804,168,153,186,172
0,0.16672714054584503,443,78,462,96
0,0.16658081114292145,35,152,53,171
0,0.1663808822631836,377,277,395,294
0,0.16633278131484985,509,84,527,102
0,0.16625243425369263,28,201,47,220
0,0.16615760326385498,9,103,27,121
0,0.16611620783805847,609,320,628,334
0,0.16603071987628937,235,27,253,45
0,0.1659800261259079,616,143,635,162
0,0.1659759283065796,28,244,46,263
0,0.16586677730083466,143,55,161,73
0,0.1658220887184143,61,152,81,171
0,0.1657923460006714,187,115,205,133
0,0.16557885706424713,267,63,285,80
0,0.16549278795719147,600,310,618,329
0,0.16546456515789032,676,120,690,138
0,0.16533635556697845,3,136,20,154
0,0.16520757973194122,203,2,221,19
0,0.16508325934410095,417,79,436,97
0,0.1648663878440857,478,136,495,153
0,0.16480889916419983,77,170,96,189
0,0.16477055847644806,228,28,246,45
0,0.1647702008485794,547,134,564,152
0,0.16462987661361694,152,4,170,21
0,0.16461977362632751,137,45,155,62
0,0.16459797322750092,509,94,527,112
0,0.16452884674072266,534,53,551,70
0,0.16435712575912476,617,133,636,153
0,0.16428928077220917,144,195,163,213
0,0.16417740285396576,410,14,428,33
0,0.16395241022109985,243,45,261,62
0,0.16380813717842102,10,110,28,128
0,0.16362589597702026,327,268,345,285
0,0.16361597180366516,544,202,561,220
0,0.16360235214233398,591,131,611,153
0,0.16348858177661896,228,13,246,31
0,0.16347430646419525,410,120,429,138
0,0.16331903636455536,292,295,310,312
0,0.16329257190227509,435,78,454,96
0,0.1632055938243866,610,119,630,139
0,0.16311807930469513,317,294,335,312
0,0.16299818456172943,153,252,170,270
0,0.16295264661312103,676,127,690,145
0,0.16293050348758698,11,136,28,154
0,0.16290214657783508,458,121,476,139
0,0.16284692287445068,510,109,528,127
0,0.1628013253211975,214,281,232,300
0,0.16274775564670563,458,79,477,97
0,0.16243459284305573,92,320,111,334
0,0.16234955191612244,543,210,561,228
0,0.16217933595180511,211,2,229,20
0,0.16190646588802338,29,212,46,230
0,0.1617603302001953,376,103,394,122
0,0.1617412120103836,676,136,690,153
0,0.16169387102127075,425,127,443,146
0,0.16161537170410156,377,268,395,285
0,0.1616114228963852,4,202,22,220
0,0.1615627110004425,144,178,163,196
0,0.16137130558490753,599,132,619,153
0,0.16124744713306427,4,1,25,17
0,0.1612001359462738,510,103,528,120
0,0.16113480925559998,384,93,403,112
0,0.16106683015823364,86,300,105,318
0,0.16089880466461182,277,36,295,54
0,0.16058647632598877,625,53,643,72
0,0.16034530103206635,311,53,330,71
0,0.16032478213310242,393,13,412,32
0,0.1603037714958191,384,13,402,31
0,0.1601698249578476,11,119,29,136
0,0.16014182567596436,619,43,637,61
0,0.16013503074645996,375,120,394,139
0,0.15995503962039948,394,286,413,304
0,0.1598278284072876,425,79,444,97
0,0.1597699075937271,616,160,637,181
0,0.1596154272556305,92,310,111,328
0,0.15953008830547333,617,167,638,189
0,0.1593298763036728,367,277,385,294
0,0.1590391993522644,252,308,270,326
0,0.15893420577049255,286,277,304,294
0,0.15872548520565033,625,244,640,261
0,0.15872052311897278,436,127,455,145
0,0.15851043164730072,146,4,163,21
0,0.15831038355827332,376,19,394,37
0,0.15823757648468018,153,261,172,278
0,0.15821698307991028,384,268,401,285
0,0.15815962851047516,533,227,551,245
0,0.1580551415681839,6,22,25,41
0,0.15771695971488953,28,143,46,160
0,0.1576995551586151,185,143,203,161
0,0.15768642723560333,2,318,22,334
0,0.15726731717586517,21,135,39,154
0,0.15719819068908691,136,20,154,39
0,0.1571139395236969,393,3,412,21
0,0.15703421831130981,384,286,402,304
0,0.15703001618385315,409,278,427,295
0,0.1569702923297882,286,285,304,303
0,0.1569516509771347,220,63,238,80
0,0.1568804234266281,657,98,676,117
0,0.1567641943693161,110,67,129,86
0,0.15675275027751923,624,167,645,187
0,0.15672427415847778,384,3,402,21
0,0.15671084821224213,359,276,377,293
0,0.15668362379074097,327,55,346,73
0,0.15655700862407684,152,242,170,260
0,0.15654200315475464,135,11,154,30
0,0.15648455917835236,219,53,237,71
0,0.15642426908016205,626,109,644,128
0,0.15638935565948486,216,27,235,44
0,0.1563706248998642,135,5,153,22
0,0.15603679418563843,3,110,20,128
0,0.15603002905845642,260,28,278,45
0,0.15567220747470856,647,171,664,188
0,0.1555890142917633,152,11,170,29
0,0.15548157691955566,518,162,536,179
0,0.15538276731967926,574,142,594,164
0,0.15537400543689728,20,143,38,161
0,0.15535296499729156,608,133,628,153
0,0.15516814589500427,195,153,213,171
0,0.1551162153482437,417,128,435,146
0,0.15503516793251038,51,86,70,104
0,0.15491899847984314,518,210,536,228
0,0.15488530695438385,262,295,281,313
0,0.15473514795303345,268,51,286,68
0,0.1546897143125534,434,267,454,287
0,0.15459291636943817,93,299,112,318
0,0.15456940233707428,103,310,121,329
0,0.15446911752223969,459,49,478,68
0,0.15441878139972687,620,13,638,32
0,0.154400035738945,384,122,404,140
0,0.1543082892894745,3,144,20,162
0,0.154226616024971,557,120,576,139
0,0.15394650399684906,234,85,253,103
0,0.15383611619472504,543,69,560,86
0,0.15377657115459442,567,161,584,180
0,0.15374797582626343,144,11,162,29
0,0.15374282002449036,119,76,139,95
0,0.15364770591259003,369,102,388,121
0,0.15364764630794525,357,111,377,131
0,0.1535436362028122,509,153,528,170
0,0.15321654081344604,11,144,29,162
0,0.15297135710716248,516,127,535,146
0,0.1529383510351181,178,143,196,161
0,0.15293346345424652,500,144,518,162
0,0.15287776291370392,252,27,271,45
0,0.15256385505199432,543,195,560,213
0,0.152516171336174,659,1,677,14
0,0.15251484513282776,50,33,69,51
0,0.15237347781658173,401,122,420,140
0,0.15230107307434082,395,268,413,284
0,0.1522274911403656,269,37,287,54
0,0.15219183266162872,682,27,690,45
0,0.15206994116306305,203,15,221,33
0,0.1520673930644989,81,113,100,132
0,0.1519908756017685,160,261,178,279
0,0.1518557369709015,267,81,285,100
0,0.15179741382598877,340,119,360,138
0,0.1517551988363266,242,27,261,45
0,0.15173989534378052,103,67,122,86
0,0.1515413224697113,137,35,155,54
0,0.1514979600906372,427,269,445,286
0,0.15148451924324036,20,152,38,170
0,0.15146860480308533,160,253,178,270
0,0.15110521018505096,103,299,121,317
0,0.150900736451149,68,268,87,289
0,0.15085390210151672,576,321,594,334
0,0.15071795880794525,21,130,39,148
0,0.15052759647369385,2,226,18,244
0,0.15042397379875183,144,201,163,219
0,0.15040910243988037,391,122,410,140
0,0.15034596621990204,417,4,434,21
0,0.15020637214183807,567,178,585,196
0,0.1501421481370926,299,311,316,328
0,0.15001173317432404,576,53,594,72
